{
	"feature": "minecraft:forest_flowers",
	"placement": [
		{
			"type": "minecraft:rarity_filter",
			"chance": 3
		},
		{
			"type": "minecraft:in_square"
		},
		{
			"type": "minecraft:heightmap",
			"heightmap": "MOTION_BLOCKING"
		},
		{
			"type": "minecraft:count",
			"count": {
				"type": "minecraft:clamped",
				"value": {
					"min_inclusive": 1,
					"max_inclusive": 3,
					"source": {
						"type": "minecraft:uniform",
						"value": {
							"min_inclusive": -3,
							"max_inclusive": 5
						}
					}
				}
			}
		},
		{
			"type": "minecraft:biome"
		}
	]
}
