{
	"feature": "minecraft:forest_rock",
	"placement": [
		{
			"type": "minecraft:count",
			"count": {
				"type": "minecraft:weighted_list",
				"distribution": [
					{
						"weight": 1,
						"data": 1
					},
					{
						"weight": 2,
						"data": 2
					},
					{
						"weight": 3,
						"data": 3
					},
					{
						"weight": 2,
						"data": 4
					},
					{
						"weight": 1,
						"data": 5
					}
				]
			}
		},
		{
			"type": "minecraft:in_square"
		},
		{
			"type": "minecraft:heightmap",
			"heightmap": "MOTION_BLOCKING"
		},
		{
			"type": "minecraft:biome"
		}
	]
}
