{
	"feature": "minecraft:trees_old_growth_spruce_taiga",
	"placement": [
		{
			"type": "minecraft:count",
			"count": {
				"type": "minecraft:weighted_list",
				"distribution": [
					{
						"weight": 18,
						"data": 13
					},
					{
						"weight": 4,
						"data": 15
					},
					{
						"weight": 1,
						"data": 20
					}
				]
			}
		},
		{
			"type": "minecraft:in_square"
		},
		{
			"type": "minecraft:surface_water_depth_filter",
			"max_water_depth": 1
		},
		{
			"type": "minecraft:heightmap",
			"heightmap": "OCEAN_FLOOR"
		},
		{
			"type": "minecraft:biome"
		}
	]
}
