{
    "display": {
        "icon": {
            "item": "command_block"
        },
        "title": {
            "text": "Hidden",
            "color": "#0711d9"
        },
        "description": "",
        "show_toast": false,
        "announce_to_chat": false,
        "hidden": true,
        "frame": "task"
    },
    "criteria": {
        "nope": {
            "trigger": "impossible"
        }
    },
    "parent": "lthc.overgrown_garden:visible/oh_my_garden",
    "rewards": {
        "function": "lthc.overgrown_garden:utils/remove_hidden2"
    }
}