{
	"temperature": 0.8,
	"downfall": 0.9,
	"has_precipitation": true,
	"effects": {
		"sky_color": 1269278,
		"fog_color": 2672690,
		"water_color": 412490,
		"water_fog_color": 409169,
		"grass_color": 2530342,
		"foliage_color": 2337059,
		"grass_color_modifier": "swamp",
		"mood_sound": {
			"sound": "minecraft:ambient.cave",
			"tick_delay": 6000,
			"block_search_extent": 8,
			"offset": 2
		},
		"music": {
			"sound": "minecraft:music.overworld.swamp",
			"min_delay": 12000,
			"max_delay": 24000,
			"replace_current_music": false
		}
	},
	"spawners": {
		"ambient": [],
		"axolotls": [],
		"creature": [],
		"misc": [],
		"monster": [],
		"water_ambient": [],
		"water_creature": []
	},
	"spawn_costs": {},
	"carvers": {
		"air": [
			"minecraft:cave",
			"minecraft:cave_extra_underground",
			"minecraft:canyon"
		]
	},
	"features": [
		[],
		[],
		[],
		[],
		[],
		[],
		[],
		[],
		[
			"lthc.overgrown_garden:spring_water"
		],
		[
			"minecraft:trees_mangrove"
		],
		[]
	]
}
