{
	"temperature": 0.6,
	"downfall": 0.6,
	"has_precipitation": true,
	"effects": {
		"sky_color": 1205022,
		"fog_color": 1014550,
		"water_color": 148804,
		"water_fog_color": 18785,
		"grass_color": 4093246,
		"foliage_color": 1147665,
		"mood_sound": {
			"sound": "minecraft:ambient.cave",
			"tick_delay": 6000,
			"block_search_extent": 8,
			"offset": 2
		},
		"music": {
			"sound": "minecraft:music.overworld.jungle_and_forest",
			"min_delay": 12000,
			"max_delay": 24000,
			"replace_current_music": false
		}
	},
	"spawners": {
		"ambient": [],
		"axolotls": [],
		"creature": [],
		"misc": [],
		"monster": [],
		"underground_water_creature": [],
		"water_ambient": [],
		"water_creature": []
	},
	"spawn_costs": {},
	"carvers": {
		"air": [
			"minecraft:cave",
			"minecraft:cave_extra_underground",
			"minecraft:canyon"
		]
	},
	"features": [
		[],
		[],
		[],
		[],
		[],
		[],
		[],
		[],
		[
			"lthc.overgrown_garden:spring_water"
		],
		[
			"lthc.overgrown_garden:forest_flowers",
			"lthc.overgrown_garden:birch_tall",
			"lthc.overgrown_garden:patch_grass_forest"
		],
		[]
	]
}
