{
	"type": "minecraft:jigsaw",
	"biomes": "#lthc.overgrown_garden:garden_house_in_overworld",
	"step": "surface_structures",
	"spawn_overrides": {
	"monster": {
	"bounding_box": "full",
	"spawns": [
		{
			"type": "slime",
			"minCount": 1,
			"maxCount": 1,
			"weight": 1
		}
	]
	}
	},
	"terrain_adaptation": "beard_thin",
	"size": 6,
	"start_height": {
	"absolute": 0
	},
	"project_start_to_heightmap": "WORLD_SURFACE_WG",
	"max_distance_from_center": 1,
	"use_expansion_hack": false,
	"start_pool": "lthc.overgrown_garden:garden_house_in_overworld"
	}
	